<?xml version="1.0" encoding="UTF-8"?>
<project-private xmlns="http://www.netbeans.org/ns/project-private/1">
    <editor-bookmarks xmlns="http://www.netbeans.org/ns/editor-bookmarks/2" lastBookmarkId="0"/>
    <open-files xmlns="http://www.netbeans.org/ns/projectui-open-files/2">
        <group>
            <file>file:/D:/SEPATUSTORE/SepatuStore/src/HomeSepatu/jenis.java</file>
            <file>file:/D:/SEPATUSTORE/SepatuStore/src/Login/koneksi.java</file>
            <file>file:/D:/SEPATUSTORE/SepatuStore/src/Login/login.java</file>
            <file>file:/D:/SEPATUSTORE/SepatuStore/src/HomeSepatu/InputSepatu.java</file>
            <file>file:/D:/SEPATUSTORE/SepatuStore/src/HomeSepatu/Home.java</file>
            <file>file:/D:/SEPATUSTORE/SepatuStore/src/HomeSepatu/Transaksi.java</file>
            <file>file:/D:/SEPATUSTORE/SepatuStore/src/javax/swing/JPanel1.java</file>
        </group>
    </open-files>
</project-private>
